"X1","X2","X3","X4","X5","X6","X7","X8","X9","X10","X11","X12","X13","X14","X15","X16","DIAGNOSA"
Y,Y,Y,T,T,T,Y,T,Y,T,T,T,T,T,T,T,dispepsia
T,Y,T,Y,T,T,T,Y,Y,T,T,T,T,T,T,T,dispepsia
T,Y,T,T,T,T,Y,T,T,Y,T,T,T,Y,T,T,dispepsia
Y,Y,Y,T,T,T,Y,Y,T,T,T,T,T,T,T,T,dispepsia
T,Y,T,T,T,T,Y,T,Y,T,T,T,T,T,Y,T,dispepsia
T,Y,T,T,Y,T,Y,Y,T,T,T,T,Y,T,T,T,dispepsia
T,T,T,T,T,T,Y,T,Y,Y,Y,T,T,T,T,T,dispepsia
T,Y,T,T,T,T,Y,T,Y,T,Y,T,T,T,T,T,dispepsia
T,Y,Y,T,T,T,Y,Y,T,T,T,T,T,Y,T,T,dispepsia
Y,Y,Y,T,T,T,Y,T,Y,T,T,T,T,T,T,T,dispepsia
T,Y,T,T,T,T,Y,T,Y,Y,T,T,Y,T,T,T,dispepsia
T,Y,T,T,T,T,Y,T,T,Y,T,T,T,Y,T,T,dispepsia
T,Y,T,T,T,T,Y,Y,Y,T,T,T,T,Y,T,T,dispepsia
T,Y,T,Y,T,T,Y,T,Y,T,T,T,T,T,T,T,dispepsia
T,Y,T,T,Y,T,Y,Y,T,Y,T,T,Y,T,T,T,dispepsia
T,Y,T,T,T,T,Y,T,Y,T,T,T,T,T,T,Y,dispepsia
T,Y,T,Y,T,T,T,Y,Y,Y,T,T,T,Y,T,T,dispepsia
T,Y,T,T,T,T,Y,T,Y,T,Y,T,T,T,T,T,dispepsia
T,Y,T,Y,Y,T,Y,Y,Y,T,T,T,T,T,T,T,dispepsia
Y,Y,T,T,T,Y,Y,Y,T,Y,T,T,T,Y,T,T,dispepsia
T,Y,T,Y,T,T,Y,Y,Y,T,T,T,T,Y,T,T,dispepsia
Y,Y,T,T,T,T,T,T,Y,Y,T,T,T,Y,T,T,dispepsia
Y,Y,T,T,T,T,Y,T,T,Y,T,T,T,Y,T,T,dispepsia
T,Y,T,Y,T,T,Y,Y,Y,T,T,T,T,Y,T,T,dispepsia
T,Y,T,Y,Y,T,Y,Y,Y,T,T,T,T,T,T,T,dispepsia
Y,Y,T,T,T,T,T,Y,T,Y,T,T,T,Y,T,T,dispepsia
T,Y,T,Y,Y,T,Y,Y,Y,T,T,T,T,T,T,T,dispepsia
Y,Y,T,Y,T,T,T,Y,T,Y,T,T,T,Y,T,T,dispepsia
T,Y,T,Y,T,T,Y,Y,Y,T,T,T,T,Y,T,T,dispepsia
T,Y,Y,T,Y,T,Y,Y,Y,T,T,T,T,T,T,T,dispepsia
Y,Y,T,T,T,T,Y,Y,T,Y,T,T,T,Y,T,T,dispepsia
T,Y,T,T,T,T,Y,T,Y,T,Y,T,T,T,T,T,dispepsia
Y,Y,T,Y,T,T,Y,T,T,Y,T,T,T,T,T,T,dispepsia
T,Y,T,T,Y,T,Y,T,Y,Y,T,Y,T,T,T,T,dispepsia
T,Y,Y,Y,T,T,T,T,T,Y,T,T,Y,T,T,T,Maag
Y,Y,T,Y,T,Y,T,T,Y,T,T,T,T,T,T,T,Maag
Y,Y,T,Y,Y,T,T,Y,T,T,T,T,T,T,T,T,Maag
Y,Y,Y,Y,T,T,T,T,T,T,T,T,T,T,T,T,Maag
T,Y,Y,T,Y,T,Y,T,T,T,T,T,T,T,T,T,Maag
T,Y,T,Y,T,Y,Y,T,T,T,T,T,T,T,T,T,Maag
T,Y,T,Y,Y,T,T,T,T,T,T,T,T,Y,T,T,Maag
Y,Y,T,Y,T,Y,T,T,T,Y,T,T,T,T,T,T,Maag
T,Y,T,T,Y,Y,Y,T,T,T,T,T,T,T,T,T,Maag
Y,Y,T,Y,Y,T,T,T,Y,T,T,T,T,T,T,T,Maag
T,Y,T,Y,Y,T,T,T,T,Y,T,T,T,T,T,T,Maag
Y,Y,Y,Y,T,T,T,T,T,Y,T,T,Y,T,T,T,Maag
T,Y,T,Y,Y,T,Y,T,T,T,T,T,T,Y,T,T,Maag
T,Y,T,Y,Y,T,Y,T,T,T,T,T,T,T,T,T,Maag
T,Y,T,Y,T,Y,T,T,Y,T,T,T,T,T,T,T,Maag
T,T,Y,T,T,Y,Y,T,T,T,T,T,T,T,T,Y,Maag
T,Y,T,Y,T,T,T,T,T,T,T,Y,T,Y,T,T,Maag
T,Y,T,Y,T,Y,Y,T,T,T,T,T,T,T,T,T,Maag
T,Y,T,T,T,Y,T,T,T,T,Y,T,T,Y,Y,T,Maag
T,Y,T,Y,Y,T,T,T,T,Y,T,T,T,T,T,T,Maag
T,Y,T,Y,Y,Y,Y,T,T,T,T,T,T,T,T,T,Maag
T,Y,T,Y,T,T,T,T,T,T,T,Y,T,Y,T,T,Maag
T,Y,Y,Y,T,T,T,T,T,Y,T,T,T,T,T,T,Maag
T,Y,Y,Y,T,T,T,Y,T,T,T,T,T,T,T,T,Maag
T,Y,T,Y,Y,T,Y,T,T,T,T,T,T,T,T,T,Maag
T,Y,Y,Y,T,T,T,T,T,Y,T,T,T,T,T,T,Maag
T,Y,Y,Y,T,T,T,T,Y,T,T,T,T,Y,T,T,Maag
T,Y,Y,Y,T,T,Y,T,T,T,T,T,T,T,T,T,Maag
T,Y,T,Y,T,T,T,T,T,T,T,Y,T,Y,T,T,Maag
T,Y,T,T,T,Y,T,T,T,T,Y,T,T,Y,Y,T,GERD
T,Y,T,T,T,T,T,T,T,Y,Y,T,T,Y,T,T,GERD
Y,Y,T,T,T,T,T,Y,T,T,T,T,T,T,T,T,GERD
T,Y,T,Y,T,T,T,T,T,T,T,T,T,Y,T,Y,GERD
Y,Y,Y,T,T,T,T,T,T,T,Y,T,Y,T,Y,T,GERD
Y,T,T,T,T,T,T,Y,T,T,T,T,Y,T,Y,T,GERD
T,Y,T,T,Y,T,T,T,T,T,Y,T,T,Y,Y,T,GERD
T,Y,T,T,T,Y,Y,T,T,T,T,T,T,Y,T,Y,GERD
T,Y,T,T,T,T,Y,T,Y,T,Y,T,Y,T,T,Y,GERD
T,Y,Y,T,T,T,T,Y,T,T,T,Y,Y,Y,T,T,GERD
Y,Y,T,T,T,T,T,Y,T,T,Y,T,T,Y,T,T,GERD
T,Y,T,Y,T,T,T,T,T,Y,T,Y,Y,T,T,T,GERD
T,Y,T,T,T,T,T,Y,Y,T,Y,T,Y,T,T,Y,GERD
T,Y,T,T,T,T,Y,T,T,T,T,T,T,Y,Y,T,GERD
Y,Y,T,T,Y,T,T,T,Y,T,T,Y,T,Y,Y,T,GERD
Y,Y,T,Y,Y,T,T,T,T,T,T,T,T,Y,T,Y,GERD
Y,Y,Y,T,Y,T,T,T,T,T,T,Y,T,Y,T,Y,GERD
Y,Y,T,T,T,T,T,Y,T,T,T,T,Y,T,Y,T,GERD
Y,Y,T,T,T,Y,T,Y,T,T,T,Y,T,Y,T,Y,GERD
Y,Y,T,T,T,Y,Y,T,T,T,T,Y,Y,T,T,Y,GERD
T,Y,Y,T,T,T,T,T,T,Y,Y,Y,T,Y,T,T,GERD
T,Y,T,Y,T,T,Y,T,T,T,Y,T,Y,Y,T,T,GERD
Y,Y,T,Y,Y,T,T,T,T,T,Y,T,T,Y,T,T,GERD
T,Y,T,T,T,Y,Y,T,T,T,T,T,T,Y,T,Y,GERD
Y,Y,T,T,Y,T,Y,T,T,T,T,Y,Y,Y,T,T,GERD
T,Y,T,T,T,T,Y,T,T,Y,Y,Y,T,Y,T,T,GERD